Brand,name,Display,Processor,Weight,Memory,Ram,img-url,Price,URL,Number rating,Average rating
MacBook,MacBook Air M1 2020 7-core GPU,"13.3"",Retina",Apple M1,1.29 kg,SSD 256 GB,RAM 8 GB,https://cdn.tgdd.vn/Products/Images/44/231244/TimerThumb/apple-macbook-air-2020-mgn63saa-(71).jpg,18550000.0,https://www.thegioididong.com/laptop/apple-macbook-air-2020-mgn63saa,126.0,4.5
Lenovo,Lenovo Ideapad 3 15IAU7 i3 1215U (82RK005LVN),"15.6"",FullHD","i3, 1215U, 1.2GHz",1.63 kg,SSD 256 GB,RAM 8 GB,https://cdn.tgdd.vn/Products/Images/44/287769/TimerThumb/lenovo-ideapad-3-15iau7-i3-82rk005lvn-(14).jpg,10990000.0,https://www.thegioididong.com/laptop/lenovo-ideapad-3-15iau7-i3-82rk005lvn,42.0,4.5
HP,HP 15s fq2716TU i3 1115G4 (7C0X3PA),"15.6"",FullHD","i3, 1115G4, 3GHz",1.7 kg,SSD 512 GB,RAM 8 GB,https://cdn.tgdd.vn/Products/Images/44/301634/TimerThumb/hp-15s-fq2716tu-i3-7c0x3pa-(4).jpg,10990000.0,https://www.thegioididong.com/laptop/hp-15s-fq2716tu-i3-7c0x3pa,41.0,4.3
Acer,Acer Aspire 3 A315 58 54XF i5 1135G7 (NX.AM0SV.007),"15.6"",FullHD","i5, 1135G7, 2.4GHz",1.7 kg,SSD 512 GB,RAM 8 GB,https://cdn.tgdd.vn/Products/Images/44/285764/TimerThumb/285764.png,13690000.0,https://www.thegioididong.com/laptop/acer-aspire-3-a315-58-54xf-i5-nxam0sv007,15.0,4.5
Dell,Dell Vostro 3510 i5 1135G7 (P112F002BBL),"15.6"",FullHD","i5, 1135G7, 2.4GHz",1.69 kg,SSD 512 GB,RAM 8 GB,https://cdn.tgdd.vn/Products/Images/44/266280/TimerThumb/dell-vostro-3510-i5-p112f002bbl-(16).jpg,17690000.0,https://www.thegioididong.com/laptop/dell-vostro-3510-i5-p112f002bbl,47.0,3.9
MacBook,MacBook Air M2 2022 8-core GPU,"13.6"",Retina","Apple M2, 100GB/s",1.24 kg,SSD 256 GB,RAM 8 GB,https://cdn.tgdd.vn/Products/Images/44/282827/TimerThumb/apple-macbook-air-m2-2022-(39).jpg,25690000.0,https://www.thegioididong.com/laptop/apple-macbook-air-m2-2022,35.0,4.8
Asus,Asus VivoBook 15X OLED A1503ZA i5 12500H (L1290W),"15.6"",FullHD","i5, 12500H, 2.5GHz",1.7 kg,SSD 512 GB,RAM 8 GB,https://cdn.tgdd.vn/Products/Images/44/284257/TimerThumb/asus-vivobook-15x-oled-a1503za-i5-l1290w-(12).jpg,17490000.0,https://www.thegioididong.com/laptop/asus-vivobook-15x-oled-a1503za-i5-l1290w,93.0,4.6
Lenovo,Lenovo IdeaPad 1 15AMN7 R5 7520U (82VG0061VN),"15.6"",FullHD","Ryzen 5, 7520U, 2.8GHz",1.58 kg,SSD 256 GB,RAM 8 GB,https://cdn.tgdd.vn/Products/Images/44/303562/TimerThumb/303562.png,10990000.0,https://www.thegioididong.com/laptop/lenovo-ideapad-1-15amn7-r5-82vg0061vn,29.0,4.1
HP,HP 240 G8 i3 1115G4 (6L1A1PA),"14"",FullHD","i3, 1115G4, 3GHz",1.47 kg,SSD 256 GB,RAM 8 GB,https://cdn.tgdd.vn/Products/Images/44/285962/TimerThumb/hp-240-g8-i3-6l1a1pa.jpg,10690000.0,https://www.thegioididong.com/laptop/hp-240-g8-i3-6l1a1pa,28.0,4.1
Lenovo,Lenovo Ideapad 3 15IAU7 i3 1215U (82RK001MVN),"15.6"",FullHD","i3, 1215U, 1.2GHz",1.63 kg,SSD 512 GB,RAM 8 GB,https://cdn.tgdd.vn/Products/Images/44/287770/TimerThumb/lenovo-ideapad-3-15iau7-i3-82rk001mvn-(6).jpg,11890000.0,https://www.thegioididong.com/laptop/lenovo-ideapad-3-15iau7-i3-82rk001mvn,25.0,4.2
Acer,Acer Aspire 3 A315 57 379K i3 1005G1 (NX.KAGSV.001),"15.6"",FullHD","i3, 1005G1, 1.2GHz",1.7 kg,SSD 256 GB,RAM 4 GB,https://cdn.tgdd.vn/Products/Images/44/291965/TimerThumb/acer-aspire-3-a315-57-379k-i3-nxkagsv001-(16).jpg,8590000.0,https://www.thegioididong.com/laptop/acer-aspire-3-a315-57-379k-i3-nxkagsv001,22.0,4.1
Asus,Asus VivoBook X515MA N4020 (BR480W),"15.6"",HD","Celeron, N4020, 1.1GHz",1.8 kg,SSD 256 GB,RAM 4 GB,https://cdn.tgdd.vn/Products/Images/44/262060/TimerThumb/asus-vivobook-x515ma-n4020-br480w-(4).jpg,7690000.0,https://www.thegioididong.com/laptop/asus-vivobook-x515ma-n4020-br480w,44.0,4.0
Dell,Dell Inspiron 15 3520 i5 1235U (N5I5122W1),"15.6"",FullHD,120Hz","i5, 1235U, 1.3GHz",1.9 kg,SSD 256 GB,RAM 8 GB,https://cdn.tgdd.vn/Products/Images/44/296847/TimerThumb/dell-inspiron-15-3520-i5-n5i5122w1-(4).jpg,15990000.0,https://www.thegioididong.com/laptop/dell-inspiron-15-3520-i5-n5i5122w1,10.0,4.5
HP,HP Pavilion 15 eg2082TU i5 1240P (7C0Q5PA),"15.6"",FullHD","i5, 1240P, 1.7GHz",1.72 kg,SSD 512 GB,RAM 8 GB,https://cdn.tgdd.vn/Products/Images/44/302533/TimerThumb/hp-pavilion-15-eg2082tu-i5-7c0q5pa.jpg,16390000.0,https://www.thegioididong.com/laptop/hp-pavilion-15-eg2082tu-i5-7c0q5pa,16.0,4.2
Asus,Asus Vivobook 15 X1502ZA i5 1240P (EJ120W),"15.6"",FullHD","i5, 1240P, 1.7GHz",1.7 kg,SSD 512 GB,RAM 8 GB,https://cdn.tgdd.vn/Products/Images/44/281483/TimerThumb/asus-vivobook-15-x1502za-i5-ej120w-(10).jpg,15990000.0,https://www.thegioididong.com/laptop/asus-vivobook-15-x1502za-i5-ej120w,49.0,4.2
Acer,Acer Aspire 3 A315 59 314F i3 1215U (NX.K6TSV.002),"15.6"",FullHD","i3, 1215U, 1.2GHz",1.7 kg,SSD 256 GB,RAM 8 GB,https://cdn.tgdd.vn/Products/Images/44/286228/TimerThumb/acer-aspire-3-a315-59-314f-i3-nxk6tsv002-(16).jpg,10690000.0,https://www.thegioididong.com/laptop/acer-aspire-3-a315-59-314f-i3-nxk6tsv002,35.0,4.2
MSI,MSI Modern 14 B11MOU i3 1115G4 (1027VN),"14"",FullHD","i3, 1115G4, 3GHz",1.3 kg,SSD 256 GB,RAM 8 GB,https://cdn.tgdd.vn/Products/Images/44/266898/TimerThumb/msi-modern-14-b11mou-i3-1027vn-(24).jpg,10490000.0,https://www.thegioididong.com/laptop/msi-modern-14-b11mou-i3-1027vn,62.0,4.1
Dell,Dell Vostro 3400 i5 1135G7 (YX51W6),"14"",FullHD","i5, 1135G7, 2.4GHz",1.64 kg,SSD 512 GB,RAM 8 GB,https://cdn.tgdd.vn/Products/Images/44/285746/TimerThumb/dell-vostro-3400-i5-yx51w6-(4).jpg,16790000.0,https://www.thegioididong.com/laptop/dell-vostro-3400-i5-yx51w6,38.0,4.4
Acer,Acer Aspire 3 A315 56 32TP i3 1005G1 (NX.HS5SV.00K),"15.6"",FullHD","i3, 1005G1, 1.2GHz",1.7 kg,SSD 256 GB,RAM 4 GB,https://cdn.tgdd.vn/Products/Images/44/274207/TimerThumb/acer-aspire-a315-56-32tp-i3-nxhs5sv00k-(14).jpg,8190000.0,https://www.thegioididong.com/laptop/acer-aspire-a315-56-32tp-i3-nxhs5sv00k,24.0,4.4
CHUWI,CHUWI HeroBook Pro N4020,"14.1"",FullHD","Celeron, N4020, 1.1GHz",1.39 kg,SSD 256 GB,RAM 8 GB,https://cdn.tgdd.vn/Products/Images/44/270143/TimerThumb/chuwi-herobook-pro-n4020-(18).jpg,5290000.0,https://www.thegioididong.com/laptop/chuwi-herobook-pro-n4020,25.0,3.9
MSI,MSI Modern 15 A11MU i5 1155G7 (680VN),"15.6"",FullHD","i5, 1155G7, 2.5GHz",1.6 kg,SSD 512 GB,RAM 8 GB,https://cdn.tgdd.vn/Products/Images/44/251675/TimerThumb/msi-modern-15-a11mu-i5-680vn-(30).jpg,14190000.0,https://www.thegioididong.com/laptop/msi-modern-15-a11mu-i5-680vn,73.0,4.2
Lenovo,Lenovo Ideapad 3 15ITL6 i5 1155G7 (82H803CVVN),"15.6"",FullHD","i5, 1155G7, 2.5GHz",1.65 kg,SSD 512 GB,RAM 8 GB,https://cdn.tgdd.vn/Products/Images/44/304599/TimerThumb/304599.png,13990000.0,https://www.thegioididong.com/laptop/lenovo-ideapad-3-15itl6-i5-82h803cvvn,12.0,4.2
Acer,Acer Aspire 5 A514 54 511G i5 1135G7 (NX.A28SV.009),"14"",FullHD","i5, 1135G7, 2.4GHz",1.46 kg,SSD 1 TB,RAM 8 GB,https://cdn.tgdd.vn/Products/Images/44/271043/TimerThumb/acer-aspire-a514-54-511g-i5-nxa28sv009-(16).jpg,13890000.0,https://www.thegioididong.com/laptop/acer-aspire-a514-54-511g-i5-nxa28sv009,47.0,3.6
HP,HP 15s fq5078TU i5 1235U (6K798PA),"15.6"",FullHD","i5, 1235U, 1.3GHz",1.69 kg,SSD 512 GB,RAM 8 GB,https://cdn.tgdd.vn/Products/Images/44/284139/TimerThumb/hp-15s-fq5078tu-i5-6k798pa-(10).jpg,14290000.0,https://www.thegioididong.com/laptop/hp-15s-fq5078tu-i5-6k798pa,35.0,4.3
Lenovo,Lenovo ThinkBook 14 G3 ACL R5 5500U (21A200R0VN),"14"",FullHD","Ryzen 5, 5500U, 2.1GHz",1.4 kg,SSD 512 GB,RAM 8 GB,https://cdn.tgdd.vn/Products/Images/44/304427/lenovo-thinkbook-14-g3-acl-r5-21a200r0vn-thumb-600x600.jpg,12990000.0,https://www.thegioididong.com/laptop/lenovo-thinkbook-14-g3-acl-r5-21a200r0vn,2.0,4.0
Asus,Asus Vivobook X515EA i3 1115G4 (EJ2953W),"15.6"",FullHD","i3, 1115G4, 3GHz",1.8 kg,SSD 256 GB,RAM 8 GB,https://cdn.tgdd.vn/Products/Images/44/302412/TimerThumb/asus-vivobook-x515ea-i3-ej2953w-(4).jpg,9990000.0,https://www.thegioididong.com/laptop/asus-vivobook-x515ea-i3-ej2953w,28.0,4.4
itel,itel ABLE 1S N4020 (71006300027),"14"",HD","Celeron, N4020, 1.1GHz",1.4 kg,SSD 256 GB,RAM 4 GB,https://cdn.tgdd.vn/Products/Images/44/265523/TimerThumb/itel-able-1s-n4020-71006300027-(16).jpg,5490000.0,https://www.thegioididong.com/laptop/itel-able-1s-n4020-71006300027,28.0,4.1
Dell,Dell Inspiron 16 5620 i7 1255U (N6I7110W1),"16"",FullHD+","i7, 1255U, 1.7GHz",1.87 kg,SSD 512 GB,RAM 8 GB,https://cdn.tgdd.vn/Products/Images/44/292396/dell-inspiron-16-5620-i7-n6i7110w1-thumb-600x600.jpg,23490000.0,https://www.thegioididong.com/laptop/dell-inspiron-16-5620-i7-n6i7110w1,11.0,4.6
Lenovo,Lenovo IdeaPad Slim 5 Light 14ABR8 R5 7530U (82XS002KVN),"14"",FullHD","Ryzen 5, 7530U, 2GHz",1.17 kg,SSD 512 GB,RAM 16 GB,https://cdn.tgdd.vn/Products/Images/44/305673/lenovo-ideapad-slim-5-light-14abr8-r5-82xs002kvn-thumb-600x600.jpg,17490000.0,https://www.thegioididong.com/laptop/lenovo-ideapad-slim-5-light-14abr8-r5-82xs002kvn,1.0,5.0
HP,HP 245 G9 R5 5625U (6L1N9PA),"14"",FullHD","Ryzen 5, 5625U, 2.30 GHz",1.47 kg,SSD 512 GB,RAM 8 GB,https://cdn.tgdd.vn/Products/Images/44/305769/hp-245-g9-r5-6l1n9pa-thumb-600x600.jpg,12490000.0,https://www.thegioididong.com/laptop/hp-245-g9-r5-6l1n9pa,,
MacBook,MacBook Pro M2 2022 10-core GPU,"13.3"",Retina","Apple M2, 100GB/s",1.4 kg,SSD 256 GB,RAM 8 GB,https://cdn.tgdd.vn/Products/Images/44/282828/TimerThumb/apple-macbook-pro-13-inch-m2-2022-(37).jpg,27690000.0,https://www.thegioididong.com/laptop/apple-macbook-pro-13-inch-m2-2022,20.0,4.6
HP,HP Pavilion X360 14 ek0134TU i5 1235U (7C0P8PA),"14"",FullHD","i5, 1235U, 1.3GHz",1.51 kg,SSD 512 GB,RAM 8 GB,https://cdn.tgdd.vn/Products/Images/44/302212/TimerThumb/hp-pavilion-x360-14-ek0134tu-i5-7c0p8pa.jpg,18690000.0,https://www.thegioididong.com/laptop/hp-pavilion-x360-14-ek0134tu-i5-7c0p8pa,15.0,4.6
Lenovo,Lenovo Ideapad 3 15IAU7 i5 1235U (82RK001PVN),"15.6"",FullHD","i5, 1235U, 1.3GHz",1.63 kg,SSD 512 GB,RAM 8 GB,https://cdn.tgdd.vn/Products/Images/44/291738/TimerThumb/lenovo-ideapad-3-15iau7-i5-82rk001pvn-(6).jpg,14990000.0,https://www.thegioididong.com/laptop/lenovo-ideapad-3-15iau7-i5-82rk001pvn,26.0,4.3
HP,HP Pavilion 15 eg2035TX i5 1235U (6K781PA),"15.6"",FullHD","i5, 1235U, 1.3GHz",1.74 kg,SSD 512 GB,RAM 8 GB,https://cdn.tgdd.vn/Products/Images/44/284142/TimerThumb/hp-pavilion-15-eg2035tx-i5-6k781pa.jpg,16390000.0,https://www.thegioididong.com/laptop/hp-pavilion-15-eg2035tx-i5-6k781pa,27.0,4.4
Lenovo,Lenovo Ideapad 5 Pro 14ITL6 i5 1155G7 (82L300M9VN),"14"",2K","i5, 1155G7, 2.5GHz",1.38 kg,SSD 512 GB,RAM 8 GB,https://cdn.tgdd.vn/Products/Images/44/284187/TimerThumb/lenovo-ideapad-5-pro-14itl6-i5-82l300m9vn-(6).jpg,15990000.0,https://www.thegioididong.com/laptop/lenovo-ideapad-5-pro-14itl6-i5-82l300m9vn,19.0,4.1
Asus,Asus Vivobook X415EA i3 1115G4 (EK2034W),"14"",FullHD","i3, 1115G4, 3GHz",1.55 kg,SSD 256 GB,RAM 8 GB,https://cdn.tgdd.vn/Products/Images/44/304866/asus-vivobook-x415ea-i3-ek2034w-thumb-laptop-600x600.jpg,10490000.0,https://www.thegioididong.com/laptop/asus-vivobook-x415ea-i3-ek2034w,10.0,4.7
Dell,Dell Vostro 5410 i5 11320H (V4I5214W1),"14"",FullHD","i5, 11320H, 3.2GHz",1.44 kg,SSD 512 GB,RAM 8 GB,https://cdn.tgdd.vn/Products/Images/44/267695/dell-vostro-5410-i5-11320h-8gb-512gb-office-h-s-600x600.jpg,19690000.0,https://www.thegioididong.com/laptop/dell-vostro-5410-i5-v4i5214w1,43.0,4.1
HP,HP Pavilion 14 dv2074TU i5 1235U (7C0P3PA),"14"",FullHD","i5, 1235U, 1.3GHz",1.41 kg,SSD 512 GB,RAM 8 GB,https://cdn.tgdd.vn/Products/Images/44/302204/TimerThumb/hp-pavilion-14-dv2074tu-i5-7c0p3pa.jpg,16390000.0,https://www.thegioididong.com/laptop/hp-pavilion-14-dv2074tu-i5-7c0p3pa,12.0,4.2
Lenovo,Lenovo Ideapad 5 15IAL7 i5 1235U (82SF005HVN),"15.6"",FullHD","i5, 1235U, 1.3GHz",1.85 kg,SSD 512 GB,RAM 8 GB,https://cdn.tgdd.vn/Products/Images/44/300689/TimerThumb/lenovo-ideapad-5-15ial7-i5-82sf005hvn-(4).jpg,15990000.0,https://www.thegioididong.com/laptop/lenovo-ideapad-5-15ial7-i5-82sf005hvn,9.0,4.7
Asus,Asus Vivobook 14 X1402ZA i5 1240P (EK083W),"14"",FullHD","i5, 1240P, 1.7GHz",1.5 kg,SSD 512 GB,RAM 8 GB,https://cdn.tgdd.vn/Products/Images/44/284256/TimerThumb/asus-vivobook-14-x1402za-i5-ek083w-(4).jpg,14790000.0,https://www.thegioididong.com/laptop/asus-vivobook-14-x1402za-i5-ek083w,17.0,4.0
Dell,Dell Inspiron 15 3511 i5 1135G7 (70270650),"15.6"",FullHD","i5, 1135G7, 2.4GHz",1.73 kg,SSD 512 GB,RAM 8 GB,https://cdn.tgdd.vn/Products/Images/44/264349/dell-inspiron-15-3511-i5-70270650-141221-044940-600x600.jpg,17990000.0,https://www.thegioididong.com/laptop/dell-inspiron-15-3511-i5-70270650,33.0,3.8
Asus,Asus Vivobook 14X OLED A1403ZA i5 12500H (KM065W),"14"",2K,90Hz","i5, 12500H, 2.5GHz",1.6 kg,SSD 512 GB,RAM 8 GB,https://cdn.tgdd.vn/Products/Images/44/285772/asus-vivobook-14x-oled-a1403za-i5-km065w-170822-060234-600x600.jpg,16990000.0,https://www.thegioididong.com/laptop/asus-vivobook-14x-oled-a1403za-i5-km065w,25.0,4.4
HP,HP 15s fq5162TU i5 1235U (7C134PA),"15.6"",FullHD","i5, 1235U, 1.3GHz",1.7 kg,SSD 512 GB,RAM 8 GB,https://cdn.tgdd.vn/Products/Images/44/302532/TimerThumb/hp-15s-fq5162tu-i5-7c134pa.jpg,15590000.0,https://www.thegioididong.com/laptop/hp-15s-fq5162tu-i5-7c134pa,13.0,4.4
Lenovo,Lenovo Ideapad 3 14ABA7 R5 5625U (82RM003WVN),"14"",FullHD","Ryzen 5, 5625U, 2.30 GHz",1.43 kg,SSD 256 GB,RAM 8 GB,https://cdn.tgdd.vn/Products/Images/44/302227/TimerThumb/lenovo-ideapad-3-14aba7-r5-82rm003wvn-(2).jpg,11990000.0,https://www.thegioididong.com/laptop/lenovo-ideapad-3-14aba7-r5-82rm003wvn,5.0,4.4
MSI,MSI Modern 15 A5M R5 5500U (236VN),"15.6"",FullHD","Ryzen 5, 5500U, 2.1GHz",1.6 kg,SSD 512 GB,RAM 8 GB,https://cdn.tgdd.vn/Products/Images/44/263791/TimerThumb/msi-modern-15-a5m-r5-236vn-(26).jpg,10890000.0,https://www.thegioididong.com/laptop/msi-modern-15-a5m-r5-236vn,25.0,3.6
MSI,MSI Modern 14 B11MOU i7 1195G7 (1032VN),"14"",FullHD","i7, 1195G7, 2.9GHz",1.3 kg,SSD 512 GB,RAM 8 GB,https://cdn.tgdd.vn/Products/Images/44/281530/TimerThumb/msi-modern-14-b11mou-i7-1032vn-(6).jpg,15990000.0,https://www.thegioididong.com/laptop/msi-modern-14-b11mou-i7-1032vn,32.0,4.3
Lenovo,Lenovo Ideapad 5 14IAL7 i5 1235U (82SD0060VN),"14"",FullHD","i5, 1235U, 1.3GHz",1.44 kg,SSD 512 GB,RAM 8 GB,https://cdn.tgdd.vn/Products/Images/44/287771/lenovo-ideapad-5-14ial7-i5-82sd0060vn-171222-040323-600x600.jpg,15990000.0,https://www.thegioididong.com/laptop/lenovo-ideapad-5-14ial7-i5-82sd0060vn,15.0,3.7
HP,HP Pavilion 15 eg2056TU i5 1240P (6K786PA),"15.6"",FullHD","i5, 1240P, 1.7GHz",1.72 kg,SSD 512 GB,RAM 8 GB,https://cdn.tgdd.vn/Products/Images/44/284141/TimerThumb/hp-pavilion-15-eg2056tu-i5-6k786pa-(10).jpg,15490000.0,https://www.thegioididong.com/laptop/hp-pavilion-15-eg2056tu-i5-6k786pa,56.0,4.2
Dell,Dell Inspiron 15 3520 i3 1215U (i3U082W11BLU),"15.6"",FullHD,120Hz","i3, 1215U, 1.2GHz",1.9 kg,SSD 256 GB,RAM 8 GB,https://cdn.tgdd.vn/Products/Images/44/302266/dell-inspiron-15-3520-i3-i3u082w11blu-thumb-600x600.jpg,13190000.0,https://www.thegioididong.com/laptop/dell-inspiron-15-3520-i3-i3u082w11blu,4.0,4.5
Dell,Dell Vostro 5620 i5 1240P (V6I5001W1),"16"",FullHD+","i5, 1240P, 1.7GHz",1.97 kg,SSD 256 GB,RAM 8 GB,https://cdn.tgdd.vn/Products/Images/44/292397/dell-vostro-5620-i5-v6i5001w1-thumb-1-600x600.jpg,18990000.0,https://www.thegioididong.com/laptop/dell-vostro-5620-i5-v6i5001w1,10.0,4.0
HP,HP 240 G9 i5 1235U (6L1Y1PA),"14"",FullHD","i5, 1235U, 1.3GHz",1.47 kg,SSD 256 GB,RAM 8 GB,https://cdn.tgdd.vn/Products/Images/44/291153/TimerThumb/hp-240-g9-i5-6l1y1pa-(10).jpg,15890000.0,https://www.thegioididong.com/laptop/hp-240-g9-i5-6l1y1pa,19.0,4.0
Asus,Asus Vivobook 15 OLED A1505VA i5 13500H (L1052W),"15.6"",FullHD","i5, 13500H, 2.6GHz",1.7 kg,SSD 512 GB,RAM 8 GB,https://cdn.tgdd.vn/Products/Images/44/304028/asus-vivobook-15-oled-a1505va-i5-l1052w-thumb-600x600.jpg,19490000.0,https://www.thegioididong.com/laptop/asus-vivobook-15-oled-a1505va-i5-l1052w,2.0,4.5
HP,HP 240 G9 i5 1235U (6L1Y2PA),"14"",FullHD","i5, 1235U, 1.3GHz",1.47 kg,SSD 512 GB,RAM 8 GB,https://cdn.tgdd.vn/Products/Images/44/285963/TimerThumb/hp-240-g9-i5-6l1y2pa-(8).jpg,16590000.0,https://www.thegioididong.com/laptop/hp-240-g9-i5-6l1y2pa,29.0,4.4
Dell,Dell Vostro 3400 i5 1135G7 (70270645),"14"",FullHD","i5, 1135G7, 2.4GHz",1.64 kg,SSD 256 GB,RAM 8 GB,https://cdn.tgdd.vn/Products/Images/44/266085/TimerThumb/dell-vostro-3400-i5-70270645-(20).jpg,15990000.0,https://www.thegioididong.com/laptop/dell-vostro-3400-i5-70270645,13.0,4.1
Asus,Asus Vivobook 15 X1502ZA i7 1260P (EJ582W),"15.6"",FullHD","i7, 1260P, 2.1GHz",1.7 kg,SSD 512 GB,RAM 16 GB,https://cdn.tgdd.vn/Products/Images/44/288632/TimerThumb/asus-vivobook-15-x1502za-i7-ej582w-(4).jpg,18490000.0,https://www.thegioididong.com/laptop/asus-vivobook-15-x1502za-i7-ej582w,21.0,4.2
HP,HP Pavilion 14 dv2033TU i5 1235U (6K769PA),"14"",FullHD","i5, 1235U, 1.3GHz",1.41 kg,SSD 512 GB,RAM 8 GB,https://cdn.tgdd.vn/Products/Images/44/285239/TimerThumb/hp-pavilion-14-dv2033tu-i5-6k769pa.jpg,15890000.0,https://www.thegioididong.com/laptop/hp-pavilion-14-dv2033tu-i5-6k769pa,30.0,4.2
HP,HP Envy X360 13 bf0090TU i7 1250U (76B13PA),"13.3"",2K","i7, 1250U, 1.1GHz",1.34 kg,SSD 512 GB,RAM 16 GB,https://cdn.tgdd.vn/Products/Images/44/296789/TimerThumb/hp-envy-x360-13-bf0090tu-i7-76b13pa.jpg,27490000.0,https://www.thegioididong.com/laptop/hp-envy-x360-13-bf0090tu-i7-76b13pa,7.0,4.9
Asus,Asus Vivobook 14X A1403ZA i3 1220P (LY143W),"14"",FullHD+","i3, 1220P, 1.1GHz",1.6 kg,SSD 512 GB,RAM 8 GB,https://cdn.tgdd.vn/Products/Images/44/285770/TimerThumb/asus-vivobook-14x-a1403za-i3-ly143w-(4).jpg,12990000.0,https://www.thegioididong.com/laptop/asus-vivobook-14x-a1403za-i3-ly143w,20.0,4.6
Acer,Acer TravelMate B3 TMB311 31 C2HB N4020 (NX.VNFSV.006),"11.6"",HD","Celeron, N4020, 1.1GHz",1.4 kg,SSD 128 GB,RAM 4 GB,https://cdn.tgdd.vn/Products/Images/44/265015/TimerThumb/acer-travelmate-b3-tmb311-31-c2hb-nxvnfsv006-(24).jpg,5690000.0,https://www.thegioididong.com/laptop/acer-travelmate-b3-tmb311-31-c2hb-nxvnfsv006,82.0,4.2
Acer,Acer Swift 3 SF314 512 56QN i5 1240P (NX.K0FSV.002),"14"",2K","i5, 1240P, 1.7GHz",1.2 kg,SSD 512 GB,RAM 16 GB,https://cdn.tgdd.vn/Products/Images/44/285765/acer-swift-3-sf314-512-56qn-i5-nxk0fsv002-ab-thumb-600x600.jpg,18290000.0,https://www.thegioididong.com/laptop/acer-swift-3-sf314-512-56qn-i5-nxk0fsv002,8.0,4.5
HP,HP Pavilion 15 eg2059TU i5 1240P (6K789PA),"15.6"",FullHD","i5, 1240P, 1.7GHz",1.72 kg,SSD 256 GB,RAM 8 GB,https://cdn.tgdd.vn/Products/Images/44/288536/TimerThumb/hp-pavilion-15-eg2059tu-i5-6k789pa-(6).jpg,15190000.0,https://www.thegioididong.com/laptop/hp-pavilion-15-eg2059tu-i5-6k789pa,19.0,4.0
Asus,Asus VivoBook X415EA i3 1115G4 (EK1386W),"14"",FullHD","i3, 1115G4, 3GHz",1.6 kg,SSD 512 GB,RAM 4 GB,https://cdn.tgdd.vn/Products/Images/44/274920/TimerThumb/asus-vivobook-x415ea-i3-ek1386w-(12).jpg,9490000.0,https://www.thegioididong.com/laptop/asus-vivobook-x415ea-i3-ek1386w,64.0,4.1
Lenovo,Lenovo Yoga Slim 7 Pro 14IHU5 i5 11300H (82NH00AMVN),"14"",2K,90Hz","i5, 11300H, 3.1GHz",1.38 kg,SSD 512 GB,RAM 16 GB,https://cdn.tgdd.vn/Products/Images/44/279449/lenovo-yoga-slim-7-pro-14ihu5-i5-82nh00amvn-thumb-1-600x600.jpg,23990000.0,https://www.thegioididong.com/laptop/lenovo-yoga-slim-7-pro-14ihu5-i5-82nh00amvn,11.0,4.5
HP,HP EliteBook 630 G9 i7 1255U (6M146PA),"13.3"",FullHD","i7, 1255U, 1.7GHz",1.28 kg,SSD 512 GB,RAM 16 GB,https://cdn.tgdd.vn/Products/Images/44/285968/TimerThumb/hp-elitebook-630-g9-i7-6m146pa.jpg,23090000.0,https://www.thegioididong.com/laptop/hp-elitebook-630-g9-i7-6m146pa,8.0,4.5
MSI,MSI Modern 14 C11M i3 1115G4 (011VN),"14"",FullHD","i3, 1115G4, 3GHz",1.4 kg,SSD 512 GB,RAM 8 GB,https://cdn.tgdd.vn/Products/Images/44/304539/msi-modern-14-c11m-i3-011vn-thumb-600x600.jpg,10990000.0,https://www.thegioididong.com/laptop/msi-modern-14-c11m-i3-011vn,4.0,4.2
Asus,Asus Zenbook 14 OLED UX3402ZA i5 1240P (KM220W),"14"",2K,90Hz","i5, 1240P, 1.7GHz",1.39 kg,SSD 512 GB,RAM 8 GB,https://cdn.tgdd.vn/Products/Images/44/284258/TimerThumb/asus-zenbook-14-oled-ux3402za-i5-km218w-(6).jpg,22690000.0,https://www.thegioididong.com/laptop/asus-zenbook-14-oled-ux3402za-i5-km218w,17.0,3.9
Lenovo,Lenovo Ideapad 5 Pro 14IAP7 i5 1240P (82SH000SVN),"14"",2K,90Hz","i5, 1240P, 1.7GHz",1.42 kg,SSD 512 GB,RAM 16 GB,https://cdn.tgdd.vn/Products/Images/44/288201/lenovo-ideapad-5-pro-14iap7-i5-82sh000svn-031222-023411-600x600.jpg,19490000.0,https://www.thegioididong.com/laptop/lenovo-ideapad-5-pro-14iap7-i5-82sh000svn,10.0,3.7
Asus,Asus Vivobook 14 X1402ZA i3 1220P (EK249W),"14"",FullHD","i3, 1220P, 1.1GHz",1.5 kg,SSD 512 GB,RAM 4 GB,https://cdn.tgdd.vn/Products/Images/44/289613/TimerThumb/asus-vivobook-14-x1402za-i3-ek249w-(4).jpg,11990000.0,https://www.thegioididong.com/laptop/asus-vivobook-14-x1402za-i3-ek249w,16.0,4.4
Asus,Asus Zenbook 14 Flip OLED UP3404VA i7 1360P (KN039W),"14"",2K,90Hz","i7, 1360P, 2.2GHz",1.5 kg,SSD 512 GB,RAM 16 GB,https://cdn.tgdd.vn/Products/Images/44/304259/asus-zenbook-14-flip-oled-up3404va-i7-kn039w-thumb-1-600x600.jpg,32990000.0,https://www.thegioididong.com/laptop/asus-zenbook-14-flip-oled-up3404va-i7-kn039w,2.0,4.5
Asus,Asus Vivobook 15 X1504VA i5 1335U (NJ025W),"15.6"",FullHD","i5, 1335U, 1.3GHz",1.7 kg,SSD 512 GB,RAM 8 GB,https://cdn.tgdd.vn/Products/Images/44/305008/asus-vivobook-15-x1504va-i5-nj025w-thumb-600x600.jpg,16990000.0,https://www.thegioididong.com/laptop/asus-vivobook-15-x1504va-i5-nj025w,2.0,4.5
HP,HP Envy 16 h0205TX i9 12900H (7C0T2PA),"16"",4K","i9, 12900H, 2.5GHz",2.32 kg,SSD 512 GB,RAM 32 GB,https://cdn.tgdd.vn/Products/Images/44/302980/hp-envy-16-h0205tx-i9-7c0t2pa-thumb-1-600x600.jpg,60390000.0,https://www.thegioididong.com/laptop/hp-envy-16-h0205tx-i9-7c0t2pa,,
MacBook,MacBook Pro 16 inch M2 Pro 2023 19-core GPU,"16.2"",Retina,120Hz","Apple M2 Pro, 200GB/s",2.15 kg,SSD 512 GB,RAM 16 GB,https://cdn.tgdd.vn/Products/Images/44/302149/macbook-pro-16-inch-m2-pro-gray-thumb-1-600x600.jpg,58990000.0,https://www.thegioididong.com/laptop/macbook-pro-16-inch-m2-pro,,
HP,HP Elitebook Dragonfly G3 i7 1255U (6Z980PA),"13.5"",FullHD","i7, 1255U, 1.7GHz",0.99 kg,SSD 1 TB,RAM 16 GB,https://cdn.tgdd.vn/Products/Images/44/302984/hp-elitebook-dragonfly-g3-i7-6z980pa-070323-114211-600x600.jpg,48590000.0,https://www.thegioididong.com/laptop/hp-elitebook-dragonfly-g3-i7-6z980pa,,
MacBook,MacBook Pro 14 inch M2 Pro 2023 16-core GPU,"14.2"",Retina,120Hz","Apple M2 Pro, 200GB/s",1.6 kg,SSD 512 GB,RAM 16 GB,https://cdn.tgdd.vn/Products/Images/44/302146/macbook-pro-14-inch-m2-pro-gray-thumb-600x600.jpg,47990000.0,https://www.thegioididong.com/laptop/macbook-pro-14-inch-m2-pro,2.0,4.5
HP,HP Envy 16 h0207TX i7 12700H (7C0T4PA),"16"",4K","i7, 12700H, 2.30 GHz",2.32 kg,SSD 512 GB,RAM 16 GB,https://cdn.tgdd.vn/Products/Images/44/302979/hp-envy-16-h0207tx-i7-7c0t4pa-thumb-1-600x600.jpg,47990000.0,https://www.thegioididong.com/laptop/hp-envy-16-h0207tx-i7-7c0t4pa,,
HP,HP Elitebook X360 1040 G9 i7 1255U (6Z982PA),"14"",FullHD","i7, 1255U, 1.7GHz",1.35 kg,SSD 512 GB,RAM 16 GB,https://cdn.tgdd.vn/Products/Images/44/302983/hp-elitebook-x360-1040-g9-i7-6z982pa-070323-112809-600x600.jpg,45990000.0,https://www.thegioididong.com/laptop/hp-elitebook-x360-1040-g9-i7-6z982pa,,
LG,LG gram 2022 i7 1260P (17Z90Q-G.AH78A5),"17"",2K","i7, 1260P, 2.1GHz",1.435 kg,SSD 1 TB,RAM 16 GB,https://cdn.tgdd.vn/Products/Images/44/286297/lg-gram-2022-i7-17z90qgah78a5-fix-thumb-600x600.jpg,42990000.0,https://www.thegioididong.com/laptop/lg-gram-2022-i7-17z90qgah78a5,,
Surface,Surface Pro 9 i7 1255U,"13"",2K,120Hz","i7, 1255U, 1.7GHz",0.879 kg,SSD 256 GB,RAM 16 GB,https://cdn.tgdd.vn/Products/Images/44/305459/surface-pro-9-i7-thumb-cảm-ứng-600x600.jpg,42990000.0,https://www.thegioididong.com/laptop/surface-pro-9-i7,,
MacBook,MacBook Pro M2 2022,"13.3"",Retina","Apple M2, 100GB/s",1.4 kg,SSD 512 GB,RAM 16 GB,https://cdn.tgdd.vn/Products/Images/44/283464/TimerThumb/apple-macbook-pro-m2-2022-16gb-(22).jpg,37990000.0,https://www.thegioididong.com/laptop/apple-macbook-pro-m2-2022-16gb,15.0,4.7
MacBook,MacBook Air M2 2022 10-core GPU,"13.6"",Retina","Apple M2, 100GB/s",1.24 kg,SSD 512 GB,RAM 16 GB,https://cdn.tgdd.vn/Products/Images/44/289441/TimerThumb/apple-macbook-air-m2-2022-16gb-(22).jpg,37790000.0,https://www.thegioididong.com/laptop/apple-macbook-air-m2-2022-16gb,6.0,4.7
LG,LG gram 2022 i7 1260P (16Z90Q-G.AH76A5),"16"",2K","i7, 1260P, 2.1GHz",1.285 kg,SSD 512 GB,RAM 16 GB,https://cdn.tgdd.vn/Products/Images/44/286294/lg-gram-2022-i7-16z90qgah76a5-301222-033301-600x600.jpg,36990000.0,https://www.thegioididong.com/laptop/lg-gram-2022-i7-16z90qgah76a5,1.0,5.0
MacBook,MacBook Pro M2 2022 10-core GPU,"13.3"",Retina","Apple M2, 100GB/s",1.4 kg,SSD 512 GB,RAM 8 GB,https://cdn.tgdd.vn/Products/Images/44/282885/TimerThumb/apple-macbook-pro-m2-2022-(24).jpg,33790000.0,https://www.thegioididong.com/laptop/apple-macbook-pro-m2-2022,6.0,4.3
Lenovo,Lenovo Yoga Duet 7 13ITL6 i7 1165G7 (82MA009PVN),"13"",2K","i7, 1165G7, 2.8GHz",1.168 kg,SSD 1 TB,RAM 16 GB,https://cdn.tgdd.vn/Products/Images/44/302520/lenovo-yoga-duet-7-13itl6-i7-82ma009pvn-thumb-600x600.jpg,32490000.0,https://www.thegioididong.com/laptop/lenovo-yoga-duet-7-13itl6-i7-82ma009pvn,1.0,4.0
MSI,MSI Summit E14 Flip Evo A12MT i7 1280P (210VN),"14"",2K","i7, 1280P, 1.8GHz",1.6 kg,SSD 512 GB,RAM 16 GB,https://cdn.tgdd.vn/Products/Images/44/304540/msi-summit-e14-flip-evo-a12mt-i7-210vn-thumb-1-600x600.jpg,31990000.0,https://www.thegioididong.com/laptop/msi-summit-e14-flip-evo-a12mt-i7-210vn,,
Lenovo,Lenovo Yoga Slim 7 Carbon 13ITL5 i7 1165G7 (82EV00AWVN),"13.3"",2K","i7, 1165G7, 2.8GHz",0.966 kg,SSD 1 TB,RAM 16 GB,https://cdn.tgdd.vn/Products/Images/44/288373/lenovo-yoga-slim-7-carbon-13itl5-i7-82ev00awvn-thumb-600x600.jpg,31490000.0,https://www.thegioididong.com/laptop/lenovo-yoga-slim-7-carbon-13itl5-i7-82ev00awvn,3.0,3.7
Lenovo,Lenovo Yoga 7 14IAL7 i7 1260P (82QE000QVN),"14"",2K,90Hz","i7, 1260P, 2.1GHz",1.42 kg,SSD 512 GB,RAM 16 GB,https://cdn.tgdd.vn/Products/Images/44/288204/lenovo-yoga-slim-7-14ial7-i7-82qe000qvn-thumb-600x600.jpg,30590000.0,https://www.thegioididong.com/laptop/lenovo-yoga-7-14ial7-i7-82qe000qvn,7.0,4.4
MacBook,MacBook Air M1 2020 8-core GPU,"13.3"",Retina",Apple M1,1.29 kg,SSD 512 GB,RAM 16 GB,https://cdn.tgdd.vn/Products/Images/44/264420/TimerThumb/apple-macbook-air-m1-2020-8-core-gpu-(29).jpg,29990000.0,https://www.thegioididong.com/laptop/apple-macbook-air-m1-2020-8-core-gpu,9.0,4.9
Asus,Asus Zenbook 14 Flip OLED UP3404VA i5 1340P (KN038W),"14"",2K,90Hz","i5, 1340P, 1.9GHz",1.5 kg,SSD 512 GB,RAM 16 GB,https://cdn.tgdd.vn/Products/Images/44/306070/asus-zenbook-14-flip-oled-up3404va-i5-kn038w-thumb-600x600.jpg,29990000.0,https://www.thegioididong.com/laptop/asus-zenbook-14-flip-oled-up3404va-i5-kn038w,,
MacBook,MacBook Air M2 2022 10-core GPU,"13.6"",Retina","Apple M2, 100GB/s",1.24 kg,SSD 512 GB,RAM 8 GB,https://cdn.tgdd.vn/Products/Images/44/282847/TimerThumb/apple-macbook-air-m2-2022-10-core-gpu-(20).jpg,29790000.0,https://www.thegioididong.com/laptop/apple-macbook-air-m2-2022-10-core-gpu,4.0,4.8
Surface,Surface Pro 9 i5 1235U,"13"",2K,120Hz","i5, 1235U, 1.3GHz",0.879 kg,SSD 256 GB,RAM 8 GB,https://cdn.tgdd.vn/Products/Images/44/305456/surface-pro-9-i5-thumb-cam-ung-600x600.jpg,28990000.0,https://www.thegioididong.com/laptop/surface-pro-9-i5,,
Asus,Asus Vivobook Pro 15 OLED K6502Z i7 12650H (MA036W),"15.6"",2K,120Hz","i7, 12650H, 2.30 GHz",1.8 kg,SSD 512 GB,RAM 16 GB,https://cdn.tgdd.vn/Products/Images/44/293966/asus-vivobook-pro-15-oled-k6502z-i7-ma036w-241122-102229-600x600.jpg,27990000.0,https://www.thegioididong.com/laptop/asus-vivobook-pro-15-oled-k6502z-i7-ma036w,6.0,4.7
Lenovo,Lenovo Yoga 7 14IAL7 i5 1240P (82QE000RVN),"14"",2K,90Hz","i5, 1240P, 1.7GHz",1.42 kg,SSD 512 GB,RAM 16 GB,https://cdn.tgdd.vn/Products/Images/44/288305/lenovo-yoga-slim-7-14ial7-i5-82qe000rvn-thumb-600x600.jpg,27890000.0,https://www.thegioididong.com/laptop/lenovo-yoga-7-14ial7-i5-82qe000rvn,4.0,4.0
Lenovo,Lenovo Yoga Slim 7 Pro 14IHU5 i7 11370H (82NH00ALVN),"14"",2K,90Hz","i7, 11370H, 3.3GHz",1.38 kg,SSD 512 GB,RAM 16 GB,https://cdn.tgdd.vn/Products/Images/44/288374/lenovo-yoga-slim-7-pro-14ihu5-i7-82nh00alvn-thumb-new-600x600.jpg,27890000.0,https://www.thegioididong.com/laptop/lenovo-yoga-slim-7-pro-14ihu5-i7-82nh00alvn,14.0,4.6
Lenovo,Lenovo Yoga Slim 7 Pro 14IAH7 i7 12700H (82UT006CVN),"14"",2K,90Hz","i7, 12700H, 2.30 GHz",1.4 kg,SSD 512 GB,RAM 16 GB,https://cdn.tgdd.vn/Products/Images/44/302228/lenovo-yoga-slim-7-pro-14iah7-i7-82ut006cvn-thumb-laptop-1-600x600.jpg,27490000.0,https://www.thegioididong.com/laptop/lenovo-yoga-slim-7-pro-14iah7-i7-82ut006cvn,4.0,3.8
Asus,Asus Zenbook 14 OLED UX3402ZA i7 1260P (KM221W),"14"",2K,90Hz","i7, 1260P, 2.1GHz",1.39 kg,SSD 512 GB,RAM 16 GB,https://cdn.tgdd.vn/Products/Images/44/285771/asus-zenbook-14-oled-ux3402za-i7-km221w-600x600.jpg,27390000.0,https://www.thegioididong.com/laptop/asus-zenbook-14-oled-ux3402za-i7-km221w,10.0,4.0
Dell,Dell Inspiron 16 5620 i7 1255U (N6I7009W1),"16"",FullHD","i7, 1255U, 1.7GHz",1.97 kg,SSD 512 GB,RAM 16 GB,https://cdn.tgdd.vn/Products/Images/44/306103/dell-inspiron-16-5620-i7-n6i7009w1-thumb-600x600.jpg,26590000.0,https://www.thegioididong.com/laptop/dell-inspiron-16-5620-i7-n6i7009w1,,
Asus,Asus Zenbook 14 OLED UX3402VA i5 1340P (KM085W),"14"",2K,90Hz","i5, 1340P, 1.9GHz",1.39 kg,SSD 512 GB,RAM 16 GB,https://cdn.tgdd.vn/Products/Images/44/304260/asus-zenbook-14-oled-ux3402va-i5-km085w-thumb-600x600.jpg,26490000.0,https://www.thegioididong.com/laptop/asus-zenbook-14-oled-ux3402va-i5-km085w,1.0,5.0
MSI,MSI Summit E14 Evo A12M i7 1280P (211VN),"14"",2K","i7, 1280P, 1.8GHz",1.6 kg,SSD 512 GB,RAM 16 GB,https://cdn.tgdd.vn/Products/Images/44/304541/msi-summit-e14-evo-a12m-i7-211vn-thumb-600x600.jpg,26490000.0,https://www.thegioididong.com/laptop/msi-summit-e14-evo-a12m-i7-211vn,,
Lenovo,Lenovo ThinkPad E15 Gen 4 i7 1260P (21E600CPVN),"15.6"",FullHD","i7, 1260P, 2.1GHz",1.7 kg,SSD 512 GB,RAM 16 GB,https://cdn.tgdd.vn/Products/Images/44/299799/lenovo-thinkpad-e15-gen-4-i7-21e600cpvn-thumb-laptop-600x600.jpg,26190000.0,https://www.thegioididong.com/laptop/lenovo-thinkpad-e15-gen-4-i7-21e600cpvn,2.0,4.5
Lenovo,Lenovo Yoga Slim 7 Carbon 13ITL5 i5 1135G7 (82EV00AVVN),"13.3"",2K","i5, 1135G7, 2.4GHz",0.966 kg,SSD 512 GB,RAM 16 GB,https://cdn.tgdd.vn/Products/Images/44/284189/lenovo-yoga-slim-7-carbon-13itl5-i5-82nh00avvn-020722-015914-600x600.jpg,25990000.0,https://www.thegioididong.com/laptop/lenovo-yoga-slim-7-carbon-13itl5-i5-82nh00avvn,6.0,4.5
Asus,Asus Vivobook Pro 15 OLED K6502Z i5 12450H (MA025W),"15.6"",2K,120Hz","i5, 12450H, 2GHz",1.8 kg,SSD 512 GB,RAM 16 GB,https://cdn.tgdd.vn/Products/Images/44/292690/asus-vivobook-pro-15-k6502z-i5-ma025w-241122-102353-600x600.jpg,25990000.0,https://www.thegioididong.com/laptop/asus-vivobook-pro-15-k6502z-i5-ma025w,3.0,5.0
HP,HP Pavilion X360 14 ek0132TU i7 1255U (7C0W4PA),"14"",FullHD","i7, 1255U, 1.7GHz",1.51 kg,SSD 512 GB,RAM 16 GB,https://cdn.tgdd.vn/Products/Images/44/303079/hp-pavilion-x360-14-ek0132tu-i7-7c0w4pa-thumb-600x600.jpg,25290000.0,https://www.thegioididong.com/laptop/hp-pavilion-x360-14-ek0132tu-i7-7c0w4pa,3.0,4.3
Lenovo,Lenovo Yoga Duet 7 13ITL6 i5 1135G7 (82MA009NVN),"13"",2K","i5, 1135G7, 2.4GHz",1.168 kg,SSD 512 GB,RAM 8 GB,https://cdn.tgdd.vn/Products/Images/44/292394/lenovo-yoga-duet-7-13itl6-i5-82ma009nvn-thumb-600x600.jpg,24990000.0,https://www.thegioididong.com/laptop/lenovo-yoga-duet-7-13itl6-i5-82ma009nvn,,
Lenovo,Lenovo ThinkBook 14s G2 ITL i5 1135G7 (20VA003NVN),"14"",FullHD","i5, 1135G7, 2.4GHz",1.27 kg,SSD 512 GB,RAM 8 GB,https://cdn.tgdd.vn/Products/Images/44/265967/lenovo-thinkbook-14s-g2-itl-i5-1135g7-8gb-512g-600x600.jpg,24290000.0,https://www.thegioididong.com/laptop/lenovo-thinkbook-14s-g2-itl-i5-20va003nvn,4.0,4.8
Lenovo,Lenovo ThinkBook 14s G2 ITL i5 1135G7 (20VA000NVN),"14"",FullHD","i5, 1135G7, 2.4GHz",1.27 kg,SSD 512 GB,RAM 8 GB,https://cdn.tgdd.vn/Products/Images/44/235393/lenovo-thinkbook-14s-g2-itl-i5-20va000nvn-600x600-600x600.jpg,23690000.0,https://www.thegioididong.com/laptop/lenovo-thinkbook-14s-g2-itl-i5-20va000nvn,13.0,3.1
HP,HP Pavilion 15 eg2088TU i7 1260P (7C0R0PA),"15.6"",FullHD","i7, 1260P, 2.1GHz",1.74 kg,SSD 512 GB,RAM 16 GB,https://cdn.tgdd.vn/Products/Images/44/302209/TimerThumb/hp-pavilion-15-eg2088tu-i7-7c0r0pa.jpg,23490000.0,https://www.thegioididong.com/laptop/hp-pavilion-15-eg2088tu-i7-7c0r0pa,8.0,4.6
HP,HP Envy X360 13 bf0095TU i5 1230U (76B15PA),"13.3"",2K","i5, 1230U, 1.00 GHz",1.34 kg,SSD 512 GB,RAM 16 GB,https://cdn.tgdd.vn/Products/Images/44/292595/TimerThumb/hp-envy-x360-13-bf0095tu-i5-76b15pa.jpg,22990000.0,https://www.thegioididong.com/laptop/hp-envy-x360-13-bf0095tu-i5-76b15pa,7.0,4.4
Lenovo,Lenovo Yoga Slim 7 Pro 14IHU5 i5 11320H (82NH00BEVN),"14"",2K,90Hz","i5, 11320H, 3.2GHz",1.38 kg,SSD 512 GB,RAM 16 GB,https://cdn.tgdd.vn/Products/Images/44/304428/lenovo-yoga-slim-7-pro-14ihu5-i5-82nh00bevn-thumb-1-600x600.jpg,22990000.0,https://www.thegioididong.com/laptop/lenovo-yoga-slim-7-pro-14ihu5-i5-82nh00bevn,,
Lenovo,Lenovo Ideapad 5 Pro 14IAP7 i7 1260P (82SH002SVN),"14"",2K,90Hz","i7, 1260P, 2.1GHz",1.42 kg,SSD 512 GB,RAM 16 GB,https://cdn.tgdd.vn/Products/Images/44/288199/lenovo-ideapad-5-pro-14iap7-i7-82sh002svn-ab-thumb-600x600.jpg,22490000.0,https://www.thegioididong.com/laptop/lenovo-ideapad-5-pro-14iap7-i7-82sh002svn,5.0,3.8
Dell,Dell Vostro 5620 i5 1240P (70282719),"16"",FullHD+","i5, 1240P, 1.7GHz",1.97 kg,SSD 512 GB,RAM 16 GB,https://cdn.tgdd.vn/Products/Images/44/285248/dell-vostro-5620-i5-70282719-thumb-laptop-600x600.jpg,21990000.0,https://www.thegioididong.com/laptop/dell-vostro-5620-i5-70282719,8.0,4.2
Asus,Asus Vivobook 15 X1504VA i7 1355U (NJ023W),"15.6"",FullHD","i7, 1355U, 1.7GHz",1.7 kg,SSD 512 GB,RAM 16 GB,https://cdn.tgdd.vn/Products/Images/44/305009/asus-vivobook-15-x1504va-nj023w-thumb-600x600.jpg,21590000.0,https://www.thegioididong.com/laptop/asus-vivobook-15-x1504va-nj023w,,
Dell,Dell Vostro 3400 i7 1165G7 (V4I7015W1),"14"",FullHD","i7, 1165G7, 2.8GHz",1.64 kg,SSD 512 GB,RAM 8 GB,https://cdn.tgdd.vn/Products/Images/44/267557/dell-vostro-3400-i7-1165g7-8gb-512gb-2gb-600x600.jpg,21490000.0,https://www.thegioididong.com/laptop/dell-vostro-3400-i7-v4i7015w1,20.0,4.0
Asus,Asus ExpertBook B5402CB i5 1240P (KI0353W),"14"",FullHD","i5, 1240P, 1.7GHz",1.25 kg,SSD 512 GB,RAM 16 GB,https://cdn.tgdd.vn/Products/Images/44/298373/asus-expertbook-b5402cba-i5-ki0353w-thumb-600x600.jpg,21490000.0,https://www.thegioididong.com/laptop/asus-expertbook-b5402cb-i5-ki0353w,5.0,4.4
Dell,Dell Inspiron 14 5420 i5 1235U (i5U085W11SLU),"14"",FullHD","i5, 1235U, 1.3GHz",1.55 kg,SSD 512 GB,RAM 8 GB,https://cdn.tgdd.vn/Products/Images/44/302268/dell-inspiron-14-5420-i5-i5u085w11slu-thumb-600x600.jpg,21490000.0,https://www.thegioididong.com/laptop/dell-inspiron-14-5420-i5-i5u085w11slu,2.0,4.0
MSI,MSI Modern 14 C13M i7 1355U (607VN),"14"",FullHD","i7, 1355U, 1.7GHz",1.4 kg,SSD 512 GB,RAM 16 GB,https://cdn.tgdd.vn/Products/Images/44/306140/msi-modern-14-c13m-i7-607vn-thumb-600x600.jpg,21490000.0,https://www.thegioididong.com/laptop/msi-modern-14-c13m-i7-607vn,,
Asus,Asus Vivobook S 14 Flip TP3402VA i5 13500H (LZ031W),"14"",FullHD","i5, 13500H, 2.6GHz",1.5 kg,SSD 512 GB,RAM 16 GB,https://cdn.tgdd.vn/Products/Images/44/304869/asus-vivobook-s-14-flip-tp3402va-i5-lz031w-thumb-1-600x600.jpg,20990000.0,https://www.thegioididong.com/laptop/asus-vivobook-s-14-flip-tp3402va-i5-lz031w,,
HP,HP Elitebook 630 G9 i5 1235U (6M143PA),"13.3"",FullHD","i5, 1235U, 1.3GHz",1.28 kg,SSD 512 GB,RAM 8 GB,https://cdn.tgdd.vn/Products/Images/44/291155/hp-elitebook-630-g9-i5-6m143pa-thumb-lap-600x600.jpg,20090000.0,https://www.thegioididong.com/laptop/hp-elitebook-630-g9-i5-6m143pa,17.0,4.5
Dell,Dell Inspiron 16 5620 i5 1235U (P1WKN),"16"",FullHD","i5, 1235U, 1.3GHz",1.87 kg,SSD 256 GB,RAM 8 GB,https://cdn.tgdd.vn/Products/Images/44/303834/dell-inspiron-16-5620-i5-p1wkn-thumb-600x600.jpg,19790000.0,https://www.thegioididong.com/laptop/dell-inspiron-16-5620-i5-p1wkn,,
Lenovo,Lenovo ThinkBook 14 G4 IAP i5 1240P (21DH00B5VN),"14"",FullHD","i5, 1240P, 1.7GHz",1.4 kg,SSD 512 GB,RAM 8 GB,https://cdn.tgdd.vn/Products/Images/44/299800/lenovo-thinkbook-14-g4-iap-i5-21dh00b5vn-251222-021334-600x600.jpg,19690000.0,https://www.thegioididong.com/laptop/lenovo-thinkbook-14-g4-iap-i5-21dh00b5vn,,
Dell,Dell Vostro 5620 i5 1240P (70296963),"16"",FullHD+","i5, 1240P, 1.7GHz",1.97 kg,SSD 512 GB,RAM 8 GB,https://cdn.tgdd.vn/Products/Images/44/292592/dell-vostro-5620-i5-70296963-thumb-laptop-600x600.jpg,19490000.0,https://www.thegioididong.com/laptop/dell-vostro-5620-i5-70296963,7.0,4.6
HP,HP Probook 450 G9 i5 1235U (6M0Y9PA),"15.6"",FullHD","i5, 1235U, 1.3GHz",1.74 kg,SSD 512 GB,RAM 8 GB,https://cdn.tgdd.vn/Products/Images/44/291154/hp-probook-450-g9-i5-6m0y9pa-thumb-1-600x600.jpg,19390000.0,https://www.thegioididong.com/laptop/hp-probook-450-g9-i5-6m0y9pa,9.0,4.7
HP,HP Pavilion 15 eg2034TX i7 1255U (6K780PA),"15.6"",FullHD","i7, 1255U, 1.7GHz",1.74 kg,SSD 512 GB,RAM 8 GB,https://cdn.tgdd.vn/Products/Images/44/285967/TimerThumb/hp-pavilion-15-eg2034tx-i7-6k780pa.jpg,19290000.0,https://www.thegioididong.com/laptop/hp-pavilion-15-eg2034tx-i7-6k780pa,8.0,4.0
Dell,Dell Inspiron 15 5515 R7 5700U (N5R75700U104W1),"15.6"",FullHD","Ryzen 7, 5700U, 1.8GHz",1.75 kg,SSD 512 GB,RAM 8 GB,https://cdn.tgdd.vn/Products/Images/44/267558/dell-inspiron-15-5515-r7-5700u-8gb-512gb-office-600x600.jpg,18790000.0,https://www.thegioididong.com/laptop/dell-inspiron-15-5515-r7-n5r75700u104w1,6.0,3.5
MSI,MSI Modern 15 B13M i5 1335U (438VN),"15.6"",FullHD","i5, 1335U, 1.3GHz",1.7 kg,SSD 512 GB,RAM 8 GB,https://cdn.tgdd.vn/Products/Images/44/306141/msi-modern-15-b13m-i5-438vn-thumb-600x600.jpg,18490000.0,https://www.thegioididong.com/laptop/msi-modern-15-b13m-i5-438vn,,
Dell,Dell Inspiron 16 5620 i5 1240P (i5P165W11SLU),"16"",FullHD","i5, 1240P, 1.7GHz",1.87 kg,SSD 512 GB,RAM 16 GB,https://cdn.tgdd.vn/Products/Images/44/296922/dell-inspiron-16-5620-i5p165w11slu-thumb-600x600.jpg,18390000.0,https://www.thegioididong.com/laptop/dell-inspiron-16-5620-i5p165w11slu,6.0,4.2
Acer,Acer Swift 3 SF314 511 55QE i5 1135G7 (NX.ABNSV.003),"14"",FullHD","i5, 1135G7, 2.4GHz",1.19 kg,SSD 512 GB,RAM 16 GB,https://cdn.tgdd.vn/Products/Images/44/269313/acer-swift-3-sf314-511-55qe-i5-nxabnsv003-120122-022600-600x600.jpg,17690000.0,https://www.thegioididong.com/laptop/acer-swift-3-sf314-511-55qe-i5-nxabnsv003,10.0,4.5
Dell,Dell Inspiron 15 3520 i5 1235U (i5U085W11BLU),"15.6"",FullHD,120Hz","i5, 1235U, 1.3GHz",1.9 kg,SSD 512 GB,RAM 8 GB,https://cdn.tgdd.vn/Products/Images/44/296921/dell-inspiron-15-3520-i5u085w11blu-ab-thumb-600x600.jpg,17490000.0,https://www.thegioididong.com/laptop/dell-inspiron-15-3520-i5u085w11blu,5.0,4.0
Asus,Asus Vivobook 14 X1404VA i5 1335U (NK123W),"14"",FullHD","i5, 1335U, 1.3GHz",1.4 kg,SSD 512 GB,RAM 8 GB,https://cdn.tgdd.vn/Products/Images/44/305656/asus-vivobook-14-x1404va-i5-nk123w-thumb-laptop-600x600.jpg,17490000.0,https://www.thegioididong.com/laptop/asus-vivobook-14-x1404va-i5-nk123w,,
HP,HP 15s fq5147TU i7 1255U (7C133PA),"15.6"",FullHD","i7, 1255U, 1.7GHz",1.69 kg,SSD 512 GB,RAM 8 GB,https://cdn.tgdd.vn/Products/Images/44/305917/hp-15s-fq5147tu-i7-7c133pa-thumb-600x600.jpg,17290000.0,https://www.thegioididong.com/laptop/hp-15s-fq5147tu-i7-7c133pa,,
HP,HP 15s fq5077TU i7 1255U (6K797PA),"15.6"",FullHD","i7, 1255U, 1.7GHz",1.69 kg,SSD 512 GB,RAM 8 GB,https://cdn.tgdd.vn/Products/Images/44/284140/TimerThumb/hp-15s-fq5077tu-i7-6k797pa-(12).jpg,16990000.0,https://www.thegioididong.com/laptop/hp-15s-fq5077tu-i7-6k797pa,35.0,4.4
HP,HP Pavilion X360 14 dy0161TU i3 1125G4 (4Y1D2PA),"14"",FullHD","i3, 1125G4, 2GHz",1.525 kg,SSD 512 GB,RAM 4 GB,https://cdn.tgdd.vn/Products/Images/44/270390/TimerThumb/hp-pavilion-x360-14-dy0161tu-i3-4y1d2pa-(14).jpg,16590000.0,https://www.thegioididong.com/laptop/hp-pavilion-x360-14-dy0161tu-i3-4y1d2pa,24.0,3.8
HP,HP Pavilion 15 eg2036TX i5 1235U (6K782PA),"15.6"",FullHD","i5, 1235U, 1.3GHz",1.74 kg,SSD 512 GB,RAM 8 GB,https://cdn.tgdd.vn/Products/Images/44/291157/TimerThumb/hp-pavilion-15-eg2036tx-i5-6k782pa.jpg,16390000.0,https://www.thegioididong.com/laptop/hp-pavilion-15-eg2036tx-i5-6k782pa,10.0,4.1
Acer,Acer Aspire 3 A315 58 787C i7 1165G7 (NX.ADDSV.00J),"15.6"",FullHD","i7, 1165G7, 2.8GHz",1.7 kg,SSD 512 GB,RAM 8 GB,https://cdn.tgdd.vn/Products/Images/44/285959/TimerThumb/acer-aspire-3-a315-58-787c-i7-nxaddsv00j-(8).jpg,15990000.0,https://www.thegioididong.com/laptop/acer-aspire-3-a315-58-787c-i7-nxaddsv00j,6.0,3.8
HP,HP Pavilion 15 eg2085TU i5 1240P (7C0Q7PA),"15.6"",FullHD","i5, 1240P, 1.7GHz",1.72 kg,SSD 256 GB,RAM 8 GB,https://cdn.tgdd.vn/Products/Images/44/302210/TimerThumb/hp-pavilion-15-eg2085tu-i5-7c0q7pa.jpg,15990000.0,https://www.thegioididong.com/laptop/hp-pavilion-15-eg2085tu-i5-7c0q7pa,6.0,4.2
Lenovo,Lenovo ThinkBook 15 G2 ITL i5 1135G7 (20VE00UNVN),"15.6"",FullHD","i5, 1135G7, 2.4GHz",1.7 kg,SSD 512 GB,RAM 8 GB,https://cdn.tgdd.vn/Products/Images/44/265447/lenovo-thinkbook-15-g2-itl-i5-1135g7-8gb-600x600.jpg,15490000.0,https://www.thegioididong.com/laptop/lenovo-thinkbook-15-g2-itl-i5-20ve00unvn,22.0,4.4
Asus,Asus Vivobook 14 A1405VA i3 1315U (LY097W),"14"",FullHD","Intel Core i3 Raptor Lake, 1315U, 1.2GHz",1.6 kg,SSD 512 GB,RAM 8 GB,https://cdn.tgdd.vn/Products/Images/44/306104/asus-vivobook-14-a1405va-i3-ly097w-thumb-600x600.jpg,14990000.0,https://www.thegioididong.com/laptop/asus-vivobook-14-a1405va-i3-ly097w,,
Lenovo,Lenovo V15 G3 IAP i5 1235U (82TT0064VN),"15.6"",FullHD","i5, 1235U, 1.3GHz",1.7 kg,SSD 512 GB,RAM 8 GB,https://cdn.tgdd.vn/Products/Images/44/299798/lenovo-v15-g3-iap-i5-82tt0064vn-180123-115803-600x600.jpg,14890000.0,https://www.thegioididong.com/laptop/lenovo-v15-g3-iap-i5-82tt0064vn,4.0,5.0
Acer,Acer Aspire 3 A315 59 5283 i5 1235U (NX.K6TSV.00B),"15.6"",FullHD","i5, 1235U, 1.3GHz",1.7 kg,SSD 512 GB,RAM 8 GB,https://cdn.tgdd.vn/Products/Images/44/304543/acer-aspire-3-a315-59-5283-i5-nxk6tsv00b-thumb-600x600.jpg,14490000.0,https://www.thegioididong.com/laptop/acer-aspire-3-a315-59-5283-i5-nxk6tsv00b,,
HP,HP Pavilion X360 14 ek0059TU i3 1215U (6K7E1PA),"14"",FullHD","i3, 1215U, 1.2GHz",1.517 kg,SSD 256 GB,RAM 8 GB,https://cdn.tgdd.vn/Products/Images/44/291158/TimerThumb/hp-pavilion-x360-14-ek0059tu-i3-6k7e1pa.jpg,14390000.0,https://www.thegioididong.com/laptop/hp-pavilion-x360-14-ek0059tu-i3-6k7e1pa,8.0,4.1
Lenovo,Lenovo V14 G3 IAP i5 1235U (82TS005RVN),"14"",FullHD","i5, 1235U, 1.3GHz",1.43 kg,SSD 256 GB,RAM 8 GB,https://cdn.tgdd.vn/Products/Images/44/299801/lenovo-v14-g3-iap-i5-82ts005rvn-thumb-600x600.jpg,14190000.0,https://www.thegioididong.com/laptop/lenovo-v14-g3-iap-i5-82ts005rvn,2.0,4.0
MSI,MSI Modern 15 A5M R7 5700U (237VN),"15.6"",FullHD","Ryzen 7, 5700U, 1.8GHz",1.6 kg,SSD 512 GB,RAM 8 GB,https://cdn.tgdd.vn/Products/Images/44/263792/msi-modern-15-a5m-r7-237vn-021221-110854-600x600.jpg,13990000.0,https://www.thegioididong.com/laptop/msi-modern-15-a5m-r7-237vn,27.0,4.5
Asus,Asus VivoBook 15X OLED A1503ZA i3 1220P (L1152W),"15.6"",FullHD","i3, 1220P, 1.1GHz",1.7 kg,SSD 256 GB,RAM 8 GB,https://cdn.tgdd.vn/Products/Images/44/285077/TimerThumb/asus-vivobook-15x-oled-a1503za-i3-l1152w.jpg,13990000.0,https://www.thegioididong.com/laptop/asus-vivobook-15x-oled-a1503za-i3-l1152w,27.0,4.6
MSI,MSI Modern 14 C7M R5 7530U (083VN),"14"",FullHD","Ryzen 5, 7530U, 2GHz",1.4 kg,SSD 512 GB,RAM 8 GB,https://cdn.tgdd.vn/Products/Images/44/305768/msi-modern-14-c7m-r5-083vn-thumb-600x600.jpg,13990000.0,https://www.thegioididong.com/laptop/msi-modern-14-c7m-r5-083vn,,
HP,HP 14s fq1065AU R5 5500U (4K0Z5PA),"14"",HD","Ryzen 5, 5500U, 2.1GHz",1.47 kg,SSD 512 GB,RAM 8 GB,https://cdn.tgdd.vn/Products/Images/44/270722/hp-14s-fq1065au-r5-4k0z5pa-win11-170222-025728-600x600.jpg,13790000.0,https://www.thegioididong.com/laptop/hp-14s-fq1065au-r5-4k0z5pa-win11,14.0,4.1
Dell,Dell Vostro 3520 i3 1215U (V5I3614W1),"15.6"",FullHD,120Hz","i3, 1215U, 1.2GHz",1.83 kg,SSD 256 GB,RAM 8 GB,https://cdn.tgdd.vn/Products/Images/44/305655/dell-vostro-3520-i3-v5i3614w1-thumb-600x600.jpg,13490000.0,https://www.thegioididong.com/laptop/dell-vostro-3520-i3-v5i3614w1,2.0,5.0
Itel,Itel Spirit 2 i5 1155G7 (71006300202),"15.6"",FullHD","i5, 1155G7, 2.5GHz",1.7 kg,SSD 512 GB,RAM 8 GB,https://cdn.tgdd.vn/Products/Images/44/300000/itel-spirit-2-i5-71006300202-thumb-600x600.jpg,12990000.0,https://www.thegioididong.com/laptop/itel-spirit-2-i5-71006300202,,
Acer,Acer Aspire 3 A315 58 589K i5 1135G7 (NX.AM0SV.008),"15.6"",FullHD","i5, 1135G7, 2.4GHz",1.7 kg,SSD 256 GB,RAM 8 GB,https://cdn.tgdd.vn/Products/Images/44/305600/acer-aspire-3-a315-58-589k-i5-nxam0sv008-thumb-600x600.jpg,12990000.0,https://www.thegioididong.com/laptop/acer-aspire-3-a315-58-589k-i5-nxam0sv008,3.0,5.0
Acer,Acer Aspire 5 A514 54 5127 i5 1135G7 (NX.A28SV.007),"14"",FullHD","i5, 1135G7, 2.4GHz",1.46 kg,SSD 512 GB,RAM 8 GB,https://cdn.tgdd.vn/Products/Images/44/271044/acer-aspire-a514-54-5127-i5-nxa28sv007-thumb-600x600.jpg,12890000.0,https://www.thegioididong.com/laptop/acer-aspire-a514-54-5127-i5-nxa28sv007,18.0,4.2
HP,HP Pavilion 15 eg2086TU i3 1215U (7C0Q8PA),"15.6"",FullHD","i3, 1215U, 1.2GHz",1.74 kg,SSD 256 GB,RAM 8 GB,https://cdn.tgdd.vn/Products/Images/44/302207/hp-pavilion-15-eg2086tu-i3-7c0q8pa-050223-080308-600x600.jpg,12890000.0,https://www.thegioididong.com/laptop/hp-pavilion-15-eg2086tu-i3-7c0q8pa,7.0,4.0
HP,HP Pavilion 15 eg2062TU i3 1215U (6K790PA),"15.6"",FullHD","i3, 1215U, 1.2GHz",1.74 kg,SSD 256 GB,RAM 8 GB,https://cdn.tgdd.vn/Products/Images/44/285966/TimerThumb/hp-pavilion-15-eg2062tu-i3-6k790pa.jpg,12690000.0,https://www.thegioididong.com/laptop/hp-pavilion-15-eg2062tu-i3-6k790pa,18.0,4.3
Acer,Acer Aspire 3 A315 59 38PG i3 1215U (NX.K6TSV.00A),"15.6"",FullHD","i3, 1215U, 1.2GHz",1.7 kg,SSD 512 GB,RAM 8 GB,https://cdn.tgdd.vn/Products/Images/44/302485/acer-aspire-3-a315-59-38pg-i3-nxk6tsv00a-thumb-600x600.jpg,11490000.0,https://www.thegioididong.com/laptop/acer-aspire-3-a315-59-38pg-i3-nxk6tsv00a,4.0,4.2
HP,HP 240 G8 i3 1005G1 (519A8PA),"14"",FullHD","i3, 1005G1, 1.2GHz",1.47 kg,SSD 512 GB,RAM 4 GB,https://cdn.tgdd.vn/Products/Images/44/255264/hp-240-g8-i3-519a8pa-021121-045431-600x600.jpg,10590000.0,https://www.thegioididong.com/laptop/hp-240-g8-i3-519a8pa,20.0,3.9
Acer,Acer Aspire 3 A315 58 358E i3 1115G4 (NX.ADDSV.00F),"15.6"",FullHD","i3, 1115G4, 3GHz",1.7 kg,SSD 512 GB,RAM 8 GB,https://cdn.tgdd.vn/Products/Images/44/285960/acer-aspire-3-a315-58-358e-i3-nxaddsv00f-thumb-600x600.jpg,10290000.0,https://www.thegioididong.com/laptop/acer-aspire-3-a315-58-358e-i3-nxaddsv00f,13.0,4.5
Itel,Itel Spirit 2 i3 1115G4 (71006300240),"15.6"",FullHD","i3, 1115G4, 3GHz",1.7 kg,SSD 256 GB,RAM 8 GB,https://cdn.tgdd.vn/Products/Images/44/299999/itel-spirit-2-i3-71006300240-040123-105717-600x600.jpg,10290000.0,https://www.thegioididong.com/laptop/itel-spirit-2-i3-71006300240,,
CHUWI,CHUWI CoreBook X i5 8259U,"14"",2K","i5, 8259U, 2.30 GHz",1.5 kg,SSD 512 GB,RAM 16 GB,https://cdn.tgdd.vn/Products/Images/44/270142/TimerThumb/chuwi-corebook-x-i5-8259u-(34).jpg,9490000.0,https://www.thegioididong.com/laptop/chuwi-corebook-x-i5-8259u,15.0,4.4
Acer,Acer Aspire 3 A314 35 P3G9 N6000 (NX.A7SSV.007),"14"",HD","Pentium, N6000, 1.1GHz",1.45 kg,SSD 256 GB,RAM 4 GB,https://cdn.tgdd.vn/Products/Images/44/274136/acer-aspire-3-a314-35-p3g9-n6000-4gb-256gb-090322-050700-600x600.jpg,7290000.0,https://www.thegioididong.com/laptop/acer-aspire-3-a314-35-p3g9-n6000-nxa7ssv007,6.0,4.5
CHUWI,CHUWI GemiBook J4125,"13"",2K","Celeron, J4125, 2GHz",1.34 kg,SSD 256 GB,RAM 8 GB,https://cdn.tgdd.vn/Products/Images/44/270166/TimerThumb/chuwi-gemibook-j4125-(14).jpg,6690000.0,https://www.thegioididong.com/laptop/chuwi-gemibook-j4125,37.0,4.3
itel,itel SPIRIT 1 i5 8259U (71006300036),"15.6"",FullHD","i5, 8259U, 2.30 GHz",2.1 kg,SSD 256 GB,RAM 8 GB,https://cdn.tgdd.vn/Products/Images/44/265532/TimerThumb/265532-2.png,5990000.0,https://www.thegioididong.com/laptop/itel-spirit-1-i5-71006300036,33.0,4.3
CHUWI,CHUWI LarkBook X N5100,"14"",2K","Celeron, N5100, 1.1 Ghz",1.4 kg,SSD 256 GB,RAM 8 GB,https://cdn.tgdd.vn/Products/Images/44/270141/TimerThumb/chuwi-larkbook-x-n5100-(16).jpg,5690000.0,https://www.thegioididong.com/laptop/chuwi-larkbook-x-n5100,10.0,4.1
Masstel,Masstel E140 N4120,"14"",HD","Celeron, N4120, 1.1GHz",1.35 kg,SSD 128 GB,RAM 4 GB,https://cdn.tgdd.vn/Products/Images/44/302951/TimerThumb/masstel-e140-n4120-(4).jpg,5490000.0,https://www.thegioididong.com/laptop/masstel-e140-n4120,2.0,4.0
itel,itel SPIRIT 1 i3 8109U (71006300035),"15.6"",FullHD","i3, 8109U, 3GHz",2.1 kg,SSD 256 GB,RAM 4 GB,https://cdn.tgdd.vn/Products/Images/44/265530/TimerThumb/265530.png,4990000.0,https://www.thegioididong.com/laptop/itel-spirit-1-i3-71006300035,35.0,4.3
Masstel,Masstel E116 N4020,"11.6"",HD","Celeron, N4020, 1.1GHz",0.92 kg,eMMC 128 GB,RAM 4 GB,https://cdn.tgdd.vn/Products/Images/44/302950/TimerThumb/masstel-e116-n4020-(4).jpg,3990000.0,https://www.thegioididong.com/laptop/masstel-e116-n4020,10.0,4.1
